,population,city,province,# restaurants,restaurants per capita,population per restaurant,restaurants per 10k people,"city, state"
0,8336817.0,New York,NY,72,8.636389643673358e-06,115789.125,0.08636389643673359,"New York, NY"
1,3979576.0,Los Angeles,CA,112,2.8143701741090006e-05,35531.92857142857,0.28143701741090005,"Los Angeles, CA"
2,2693976.0,Chicago,IL,137,5.085420211612872e-05,19664.058394160584,0.5085420211612872,"Chicago, IL"
3,2320268.0,Houston,TX,189,8.145610765652934e-05,12276.550264550264,0.8145610765652933,"Houston, TX"
4,1680992.0,Phoenix,AZ,137,8.149949553596923e-05,12270.014598540147,0.8149949553596924,"Phoenix, AZ"
5,1584064.0,Philadelphia,PA,85,5.3659448103106943e-05,18636.04705882353,0.5365944810310694,"Philadelphia, PA"
6,1547253.0,San Antonio,TX,91,5.881391084715945e-05,17002.78021978022,0.5881391084715945,"San Antonio, TX"
7,1423851.0,San Diego,CA,68,4.7757806118758216e-05,20938.985294117647,0.47757806118758217,"San Diego, CA"
8,1343573.0,Dallas,TX,96,7.145127209314269e-05,13995.552083333334,0.7145127209314268,"Dallas, TX"
9,1021795.0,San Jose,CA,97,9.493097930602518e-05,10533.969072164948,0.9493097930602518,"San Jose, CA"
10,978908.0,Austin,TX,69,7.048670559439703e-05,14187.072463768116,0.7048670559439703,"Austin, TX"
11,911507.0,Jacksonville,FL,61,6.692214102579574e-05,14942.737704918032,0.6692214102579574,"Jacksonville, FL"
12,909585.0,Fort Worth,TX,42,4.6174903939708766e-05,21656.785714285714,0.46174903939708767,"Fort Worth, TX"
13,898553.0,Columbus,OH,161,0.0001791769656325225,5581.074534161491,1.7917696563252252,"Columbus, OH"
14,885708.0,Charlotte,NC,78,8.806514110745302e-05,11355.23076923077,0.8806514110745302,"Charlotte, NC"
15,881549.0,San Francisco,CA,28,3.176227299900516e-05,31483.89285714286,0.3176227299900516,"San Francisco, CA"
16,753675.0,Seattle,WA,70,9.287823000630246e-05,10766.785714285714,0.9287823000630244,"Seattle, WA"
17,727211.0,Denver,CO,111,0.00015263795514644307,6551.45045045045,1.5263795514644305,"Denver, CO"
18,705749.0,Washington,DC,39,5.526043961805118e-05,18096.128205128207,0.5526043961805118,"Washington, DC"
19,692600.0,Boston,MA,25,3.6095870632399656e-05,27704.0,0.3609587063239965,"Boston, MA"
20,681728.0,El Paso,TX,55,8.067733758918514e-05,12395.054545454546,0.8067733758918514,"El Paso, TX"
21,670031.0,Detroit,MI,34,5.0743920803664307e-05,19706.79411764706,0.5074392080366431,"Detroit, MI"
22,655057.0,Oklahoma City,OK,108,0.00016487114861760122,6065.342592592592,1.6487114861760122,"Oklahoma City, OK"
23,654741.0,Portland,OR,106,0.0001618960779911446,6176.801886792453,1.6189607799114458,"Portland, OR"
24,651319.0,Las Vegas,NV,193,0.0002963217716664185,3374.7098445595857,2.9632177166641847,"Las Vegas, NV"
25,651073.0,Memphis,TN,70,0.00010751482552647707,9301.042857142857,1.0751482552647706,"Memphis, TN"
26,593490.0,Baltimore,MD,11,1.8534431919661663e-05,53953.63636363636,0.18534431919661665,"Baltimore, MD"
27,590157.0,Milwaukee,WI,48,8.133428901122922e-05,12294.9375,0.8133428901122921,"Milwaukee, WI"
28,560513.0,Albuquerque,NM,82,0.0001462945551664279,6835.524390243902,1.462945551664279,"Albuquerque, NM"
29,548073.0,Tucson,AZ,82,0.00014961510601689922,6683.817073170731,1.4961510601689922,"Tucson, AZ"
30,531576.0,Fresno,CA,27,5.079236082893133e-05,19688.0,0.5079236082893133,"Fresno, CA"
31,518012.0,Mesa,AZ,60,0.00011582743256912967,8633.533333333333,1.1582743256912966,"Mesa, AZ"
32,513624.0,Sacramento,CA,62,0.00012071087020855723,8284.258064516129,1.2071087020855722,"Sacramento, CA"
33,506811.0,Atlanta,GA,91,0.00017955411386098564,5569.351648351649,1.7955411386098565,"Atlanta, GA"
34,495327.0,Kansas City,MO,42,8.479247042862594e-05,11793.5,0.8479247042862594,"Kansas City, MO"
35,478221.0,Colorado Springs,CO,34,7.109683598169047e-05,14065.323529411764,0.7109683598169048,"Colorado Springs, CO"
36,478192.0,Omaha,NE,59,0.0001233814032857095,8104.949152542373,1.233814032857095,"Omaha, NE"
37,474069.0,Raleigh,NC,57,0.00012023566189731875,8317.0,1.2023566189731874,"Raleigh, NC"
38,467963.0,Miami,FL,152,0.0003248120043678667,3078.7039473684213,3.2481200436786666,"Miami, FL"
39,462628.0,Long Beach,CA,36,7.781630165057022e-05,12850.777777777777,0.7781630165057022,"Long Beach, CA"
40,449974.0,Virginia Beach,VA,46,0.00010222812873632699,9782.04347826087,1.0222812873632698,"Virginia Beach, VA"
41,433031.0,Oakland,CA,19,4.387676632850766e-05,22791.105263157893,0.4387676632850766,"Oakland, CA"
42,429606.0,Minneapolis,MN,79,0.00018388942426316205,5438.050632911392,1.8388942426316206,"Minneapolis, MN"
43,401190.0,Tulsa,OK,54,0.0001345995662902864,7429.444444444444,1.345995662902864,"Tulsa, OK"
44,399700.0,Tampa,FL,73,0.00018263697773329997,5475.342465753424,1.8263697773329999,"Tampa, FL"
45,398854.0,Arlington,TX,25,6.267957698807082e-05,15954.16,0.6267957698807083,"Arlington, TX"
46,390144.0,New Orleans,LA,27,6.920521653543307e-05,14449.777777777777,0.6920521653543307,"New Orleans, LA"
47,389938.0,Wichita,KS,36,9.232236919715442e-05,10831.611111111111,0.9232236919715442,"Wichita, KS"
48,384145.0,Bakersfield,CA,37,9.631779666532169e-05,10382.297297297297,0.963177966653217,"Bakersfield, CA"
49,381009.0,Cleveland,OH,104,0.0002729594314045075,3663.548076923077,2.729594314045075,"Cleveland, OH"
50,379289.0,Aurora,CO,37,9.755094400312163e-05,10251.054054054053,0.9755094400312163,"Aurora, CO"
51,350365.0,Anaheim,CA,33,9.418749018880311e-05,10617.121212121212,0.9418749018880311,"Anaheim, CA"
52,332318.0,Santa Ana,CA,25,7.522914798476158e-05,13292.72,0.7522914798476158,"Santa Ana, CA"
53,331360.0,Riverside,CA,23,6.941091260260743e-05,14406.95652173913,0.6941091260260743,"Riverside, CA"
54,326586.0,Corpus Christi,TX,24,7.348753467693043e-05,13607.75,0.7348753467693042,"Corpus Christi, TX"
55,320189.0,Henderson,NV,27,8.43251954314483e-05,11858.851851851852,0.843251954314483,"Henderson, NV"
56,312697.0,Stockton,CA,10,3.197983990892142e-05,31269.7,0.31979839908921415,"Stockton, CA"
57,303940.0,Cincinnati,OH,197,0.0006481542409686122,1542.8426395939086,6.4815424096861225,"Cincinnati, OH"
58,300286.0,Pittsburgh,PA,43,0.00014319681903252233,6983.395348837209,1.4319681903252233,"Pittsburgh, PA"
59,296710.0,Greensboro,NC,55,0.00018536618246772944,5394.727272727273,1.8536618246772945,"Greensboro, NC"
60,289102.0,Lincoln,NE,33,0.00011414656418841792,8760.666666666666,1.1414656418841793,"Lincoln, NE"
61,288000.0,Anchorage,AK,39,0.00013541666666666666,7384.615384615385,1.3541666666666667,"Anchorage, AK"
62,287677.0,Plano,TX,8,2.78089663059612e-05,35959.625,0.27808966305961197,"Plano, TX"
63,287442.0,Orlando,FL,110,0.00038268589837254125,2613.109090909091,3.8268589837254123,"Orlando, FL"
64,287401.0,Irvine,CA,17,5.915080323311332e-05,16905.941176470587,0.5915080323311331,"Irvine, CA"
65,282011.0,Newark,NJ,5,1.7729804865767648e-05,56402.2,0.17729804865767648,"Newark, NJ"
66,278993.0,Durham,NC,40,0.00014337277279358263,6974.825,1.4337277279358263,"Durham, NC"
67,274492.0,Chula Vista,CA,17,6.193258819929178e-05,16146.588235294117,0.6193258819929178,"Chula Vista, CA"
68,272779.0,Toledo,OH,49,0.0001796325963508921,5566.918367346939,1.7963259635089213,"Toledo, OH"
69,270402.0,Fort Wayne,IN,33,0.000122040517451794,8194.0,1.22040517451794,"Fort Wayne, IN"
70,262491.0,Laredo,TX,15,5.7144816393704925e-05,17499.4,0.5714481639370493,"Laredo, TX"
71,262075.0,Jersey City,NJ,4,1.5262806448535725e-05,65518.75,0.15262806448535723,"Jersey City, NJ"
72,261165.0,Chandler,AZ,33,0.00012635690080983286,7914.090909090909,1.2635690080983286,"Chandler, AZ"
73,259680.0,Madison,WI,19,7.316697473813925e-05,13667.368421052632,0.7316697473813925,"Madison, WI"
74,258862.0,Lubbock,TX,28,0.00010816574081943275,9245.07142857143,1.0816574081943275,"Lubbock, TX"
75,258069.0,Scottsdale,AZ,27,0.00010462318217220976,9558.111111111111,1.0462318217220976,"Scottsdale, AZ"
76,255601.0,Reno,NV,37,0.0001447568671484071,6908.135135135135,1.447568671484071,"Reno, NV"
77,255284.0,Buffalo,NY,16,6.267529496560693e-05,15955.25,0.6267529496560693,"Buffalo, NY"
78,254114.0,Gilbert,AZ,24,9.444579991657288e-05,10588.083333333334,0.9444579991657287,"Gilbert, AZ"
79,252381.0,Glendale,AZ,45,0.00017830185315059375,5608.466666666666,1.7830185315059375,"Glendale, AZ"
80,251974.0,North Las Vegas,NV,18,7.14359418035194e-05,13998.555555555555,0.7143594180351942,"North Las Vegas, NV"
81,247945.0,Winston-Salem,NC,33,0.00013309403295085604,7513.484848484848,1.3309403295085604,"Winston-Salem, NC"
82,244835.0,Chesapeake,VA,29,0.00011844711744644352,8442.586206896553,1.1844711744644352,"Chesapeake, VA"
83,242742.0,Norfolk,VA,24,9.887040561583903e-05,10114.25,0.9887040561583904,"Norfolk, VA"
84,241110.0,Fremont,CA,18,7.465472191116088e-05,13395.0,0.7465472191116088,"Fremont, CA"
85,239928.0,Garland,TX,15,6.251875562668801e-05,15995.2,0.62518755626688,"Garland, TX"
86,239798.0,Irving,TX,13,5.421229534858506e-05,18446.0,0.5421229534858506,"Irving, TX"
87,233339.0,Hialeah,FL,40,0.00017142440826437073,5833.475,1.7142440826437073,"Hialeah, FL"
88,230436.0,Richmond,VA,39,0.0001692443888975681,5908.615384615385,1.6924438889756808,"Richmond, VA"
89,222081.0,Spokane,WA,86,0.0003872460948933047,2582.3372093023254,3.8724609489330466,"Spokane, WA"
90,220236.0,Baton Rouge,LA,57,0.0002588132730343813,3863.7894736842104,2.5881327303438133,"Baton Rouge, LA"
91,217827.0,Tacoma,WA,28,0.00012854237537128087,7779.535714285715,1.2854237537128088,"Tacoma, WA"
92,215784.0,San Bernardino,CA,18,8.341675008341675e-05,11988.0,0.8341675008341676,"San Bernardino, CA"
93,215196.0,Modesto,CA,24,0.00011152623654714772,8966.5,1.115262365471477,"Modesto, CA"
94,214547.0,Fontana,CA,13,6.0592783865539954e-05,16503.615384615383,0.6059278386553996,"Fontana, CA"
95,214237.0,Des Moines,IA,24,0.00011202546712285926,8926.541666666666,1.1202546712285926,"Des Moines, IA"
96,213055.0,Moreno Valley,CA,10,4.693623712186994e-05,21305.5,0.46936237121869945,"Moreno Valley, CA"
97,212979.0,Santa Clarita,CA,4,1.8781194390057235e-05,53244.75,0.18781194390057238,"Santa Clarita, CA"
98,211657.0,Fayetteville,NC,49,0.00023150663573612024,4319.530612244898,2.3150663573612023,"Fayetteville, NC"
99,209403.0,Birmingham,AL,81,0.00038681394249366055,2585.222222222222,3.8681394249366052,"Birmingham, AL"
100,208881.0,Oxnard,CA,10,4.787414843858465e-05,20888.1,0.47874148438584646,"Oxnard, CA"
101,205695.0,Rochester,NY,24,0.00011667760519215342,8570.625,1.1667760519215342,"Rochester, NY"
102,201013.0,Grand Rapids,MI,37,0.000184067697114117,5432.783783783784,1.8406769711411701,"Grand Rapids, MI"
103,200574.0,Huntsville,AL,37,0.00018447056946563364,5420.918918918919,1.8447056946563363,"Huntsville, AL"
104,200567.0,Salt Lake City,UT,50,0.00024929325362597036,4011.34,2.492932536259704,"Salt Lake City, UT"
105,200490.0,Frisco,TX,11,5.486557933063993e-05,18226.363636363636,0.5486557933063994,"Frisco, TX"
106,200370.0,Yonkers,NY,6,2.9944602485402005e-05,33395.0,0.29944602485402005,"Yonkers, NY"
107,199371.0,Amarillo,TX,14,7.022084455612903e-05,14240.785714285714,0.7022084455612903,"Amarillo, TX"
108,199303.0,Glendale,CA,9,4.515737344646092e-05,22144.777777777777,0.4515737344646092,"Glendale, CA"
109,199223.0,Huntington Beach,CA,22,0.00011042901672999603,9055.59090909091,1.1042901672999603,"Huntington Beach, CA"
110,199177.0,McKinney,TX,5,2.5103300079828495e-05,39835.4,0.25103300079828494,"McKinney, TX"
111,198525.0,Montgomery,AL,37,0.00018637451202619317,5365.540540540541,1.8637451202619317,"Montgomery, AL"
112,197757.0,Aurora,IL,13,6.573724318228938e-05,15212.076923076924,0.6573724318228937,"Aurora, IL"
113,197597.0,Akron,OH,50,0.0002530402789516035,3951.94,2.5304027895160353,"Akron, OH"
114,197312.0,Little Rock,AR,35,0.00017738404151800195,5637.4857142857145,1.7738404151800193,"Little Rock, AR"
115,195805.0,Tempe,AZ,33,0.00016853502208830215,5933.484848484848,1.6853502208830213,"Tempe, AZ"
116,195769.0,Columbus,GA,20,0.000102161220622264,9788.45,1.02161220622264,"Columbus, GA"
117,195494.0,Overland Park,KS,14,7.161345105220621e-05,13963.857142857143,0.7161345105220621,"Overland Park, KS"
118,194543.0,Grand Prairie,TX,10,5.1402517695316717e-05,19454.3,0.5140251769531672,"Grand Prairie, TX"
119,194500.0,Tallahassee,FL,37,0.0001902313624678663,5256.756756756757,1.9023136246786634,"Tallahassee, FL"
120,194495.0,Cape Coral,FL,21,0.00010797192729890228,9261.666666666666,1.0797192729890228,"Cape Coral, FL"
121,188720.0,Mobile,AL,36,0.00019075879610004238,5242.222222222223,1.9075879610004238,"Mobile, AL"
122,187603.0,Knoxville,TN,59,0.00031449390468169485,3179.7118644067796,3.1449390468169485,"Knoxville, TN"
123,187112.0,Shreveport,LA,41,0.00021912009919192784,4563.707317073171,2.191200991919278,"Shreveport, LA"
124,185428.0,Worcester,MA,4,2.1571715167072936e-05,46357.0,0.21571715167072933,"Worcester, MA"
125,185010.0,Ontario,CA,13,7.026647208259014e-05,14231.538461538461,0.7026647208259013,"Ontario, CA"
126,184463.0,Vancouver,WA,37,0.0002005822305828269,4985.486486486487,2.005822305828269,"Vancouver, WA"
127,183793.0,Sioux Falls,SD,18,9.793626525493354e-05,10210.722222222223,0.9793626525493354,"Sioux Falls, SD"
128,182799.0,Chattanooga,TN,38,0.00020787859889824343,4810.5,2.078785988982434,"Chattanooga, TN"
129,182781.0,Brownsville,TX,15,8.206542255486074e-05,12185.4,0.8206542255486075,"Brownsville, TX"
130,182437.0,Fort Lauderdale,FL,86,0.0004713956050581845,2121.360465116279,4.713956050581845,"Fort Lauderdale, FL"
131,179883.0,Providence,RI,10,5.559169015415576e-05,17988.3,0.5559169015415576,"Providence, RI"
132,179225.0,Newport News,VA,20,0.00011159157483609987,8961.25,1.1159157483609987,"Newport News, VA"
133,177603.0,Rancho Cucamonga,CA,7,3.941374864163331e-05,25371.85714285714,0.39413748641633306,"Rancho Cucamonga, CA"
134,176753.0,Santa Rosa,CA,23,0.00013012508981460004,7684.913043478261,1.3012508981460003,"Santa Rosa, CA"
135,175961.0,Peoria,AZ,20,0.00011366155000255738,8798.05,1.1366155000255738,"Peoria, AZ"
136,175742.0,Oceanside,CA,14,7.966223213574445e-05,12553.0,0.7966223213574444,"Oceanside, CA"
137,174775.0,Elk Grove,CA,9,5.149477900157345e-05,19419.444444444445,0.5149477900157345,"Elk Grove, CA"
138,174365.0,Salem,OR,40,0.00022940383677917014,4359.125,2.2940383677917016,"Salem, OR"
139,172622.0,Eugene,OR,45,0.0002606851965566382,3836.0444444444443,2.606851965566382,"Eugene, OR"
140,171644.0,Garden Grove,CA,7,4.078208384796439e-05,24520.571428571428,0.4078208384796439,"Garden Grove, CA"
141,170282.0,Cary,NC,26,0.00015268789419903454,6549.307692307692,1.5268789419903457,"Cary, NC"
142,170243.0,Fort Collins,CO,12,7.048747966142514e-05,14186.916666666666,0.7048747966142513,"Fort Collins, CO"
143,169868.0,Corona,CA,14,8.241693550286104e-05,12133.42857142857,0.8241693550286106,"Corona, CA"
144,167882.0,Springfield,MO,29,0.0001727403771696787,5789.0344827586205,1.7274037716967872,"Springfield, MO"
145,160628.0,Jackson,MS,14,8.715790522200363e-05,11473.42857142857,0.8715790522200364,"Jackson, MS"
146,159428.0,Alexandria,VA,17,0.00010663120656346439,9378.117647058823,1.0663120656346439,"Alexandria, VA"
147,159203.0,Hayward,CA,10,6.28128866918337e-05,15920.3,0.628128866918337,"Hayward, CA"
148,158146.0,Clarksville,TN,40,0.0002529308360628786,3953.65,2.529308360628786,"Clarksville, TN"
149,157601.0,Lancaster,CA,25,0.00015862843509876207,6304.04,1.5862843509876208,"Lancaster, CA"
150,155465.0,Salinas,CA,7,4.502621168751809e-05,22209.285714285714,0.4502621168751809,"Salinas, CA"
151,155079.0,Palmdale,CA,18,0.00011606987406418665,8615.5,1.1606987406418665,"Palmdale, CA"
152,154817.0,Hollywood,FL,23,0.00014856249636667807,6731.173913043478,1.4856249636667809,"Hollywood, FL"
153,153606.0,Springfield,MA,10,6.510162363449344e-05,15360.6,0.6510162363449344,"Springfield, MA"
154,152960.0,Kansas City,KS,12,7.845188284518828e-05,12746.666666666666,0.7845188284518829,"Kansas City, KS"
155,152703.0,Sunnyvale,CA,11,7.203525798445349e-05,13882.09090909091,0.7203525798445348,"Sunnyvale, CA"
156,151691.0,Pomona,CA,10,6.592348919843629e-05,15169.1,0.6592348919843629,"Pomona, CA"
157,151666.0,Killeen,TX,17,0.00011208840478419686,8921.529411764706,1.1208840478419684,"Killeen, TX"
158,151625.0,Escondido,CA,11,7.254740313272877e-05,13784.09090909091,0.7254740313272877,"Escondido, CA"
159,151227.0,Pasadena,TX,10,6.612575796650069e-05,15122.7,0.6612575796650069,"Pasadena, TX"
160,148449.0,Naperville,IL,9,6.0626881959460825e-05,16494.333333333332,0.6062688195946082,"Naperville, IL"
161,148164.0,Bellevue,WA,9,6.0743500445452335e-05,16462.666666666668,0.6074350044545234,"Bellevue, WA"
162,147344.0,Joliet,IL,13,8.822890650450647e-05,11334.153846153846,0.8822890650450645,"Joliet, IL"
163,146900.0,Murfreesboro,TN,16,0.00010891763104152485,9181.25,1.0891763104152485,"Murfreesboro, TN"
164,146038.0,Midland,TX,7,4.793272983743957e-05,20862.571428571428,0.4793272983743957,"Midland, TX"
165,145609.0,Rockford,IL,23,0.00015795726912484805,6330.826086956522,1.5795726912484804,"Rockford, IL"
166,144464.0,Savannah,GA,24,0.00016613135452431054,6019.333333333333,1.6613135452431054,"Savannah, GA"
167,144399.0,Bridgeport,CT,5,3.462627857533639e-05,28879.8,0.34626278575336394,"Bridgeport, CT"
168,143592.0,Torrance,CA,15,0.00010446264415844894,9572.8,1.0446264415844895,"Torrance, CA"
169,143268.0,McAllen,TX,8,5.583940586872156e-05,17908.5,0.5583940586872156,"McAllen, TX"
170,142327.0,Syracuse,NY,19,0.00013349540143472427,7490.894736842105,1.3349540143472427,"Syracuse, NY"
171,141664.0,Surprise,AZ,14,9.88253896543935e-05,10118.857142857143,0.988253896543935,"Surprise, AZ"
172,141541.0,Denton,TX,8,5.652072544351107e-05,17692.625,0.5652072544351107,"Denton, TX"
173,141500.0,Roseville,CA,20,0.0001413427561837456,7075.0,1.4134275618374559,"Roseville, CA"
174,141029.0,Pasadena,CA,9,6.381666182132753e-05,15669.888888888889,0.6381666182132752,"Pasadena, CA"
175,140937.0,Mesquite,TX,22,0.00015609811476049583,6406.227272727273,1.5609811476049582,"Mesquite, TX"
176,140545.0,Olathe,KS,12,8.538190615105483e-05,11712.083333333334,0.8538190615105482,"Olathe, KS"
177,140407.0,Dayton,OH,99,0.0007050930509162649,1418.2525252525252,7.050930509162649,"Dayton, OH"
178,139248.0,Carrollton,TX,10,7.181431690221763e-05,13924.8,0.7181431690221763,"Carrollton, TX"
179,139236.0,Waco,TX,17,0.00012209486052457697,8190.35294117647,1.2209486052457696,"Waco, TX"
180,138669.0,Orange,CA,9,6.490275404019644e-05,15407.666666666666,0.6490275404019644,"Orange, CA"
181,138632.0,Fullerton,CA,15,0.00010820012695481563,9242.133333333333,1.0820012695481562,"Fullerton, CA"
182,137566.0,Charleston,SC,34,0.00024715409330793947,4046.0588235294117,2.4715409330793947,"Charleston, SC"
183,135248.0,West Valley City,UT,4,2.9575298710516975e-05,33812.0,0.29575298710516973,"West Valley City, UT"
184,134605.0,Visalia,CA,6,4.457486720404146e-05,22434.166666666668,0.4457486720404146,"Visalia, CA"
185,134510.0,Hampton,VA,20,0.0001486878299011226,6725.5,1.486878299011226,"Hampton, VA"
186,133997.0,Gainesville,FL,15,0.00011194280468965723,8933.133333333333,1.1194280468965723,"Gainesville, FL"
187,133943.0,Warren,MI,9,6.719276109987083e-05,14882.555555555555,0.6719276109987085,"Warren, MI"
188,133562.0,Cedar Rapids,IA,16,0.00011979455234273222,8347.625,1.1979455234273222,"Cedar Rapids, IA"
189,133372.0,Round Rock,TX,13,9.747173319737276e-05,10259.384615384615,0.9747173319737277,"Round Rock, TX"
190,132438.0,Sterling Heights,MI,3,2.2652108911339646e-05,44146.0,0.22652108911339644,"Sterling Heights, MI"
191,132319.0,Kent,WA,17,0.00012847739175779745,7783.470588235294,1.2847739175779744,"Kent, WA"
192,131674.0,Columbia,SC,72,0.0005468049880766135,1828.8055555555557,5.468049880766134,"Columbia, SC"
193,130365.0,Santa Clara,CA,13,9.972001687569516e-05,10028.076923076924,0.9972001687569516,"Santa Clara, CA"
194,130250.0,New Haven,CT,5,3.838771593090211e-05,26050.0,0.3838771593090211,"New Haven, CT"
195,129295.0,Concord,CA,7,5.4139757917939595e-05,18470.714285714286,0.5413975791793959,"Concord, CA"
196,126813.0,Thousand Oaks,CA,6,4.7313761207447186e-05,21135.5,0.47313761207447186,"Thousand Oaks, CA"
197,126185.0,Lafayette,LA,28,0.00022189642192019653,4506.607142857143,2.2189642192019656,"Lafayette, LA"
198,125613.0,Simi Valley,CA,6,4.776575672900098e-05,20935.5,0.4776575672900098,"Simi Valley, CA"
199,125310.0,Topeka,KS,13,0.00010374271805921315,9639.23076923077,1.0374271805921316,"Topeka, KS"
200,124880.0,Norman,OK,20,0.00016015374759769378,6244.0,1.6015374759769379,"Norman, OK"
201,124662.0,Fargo,ND,15,0.00012032535977282572,8310.8,1.2032535977282572,"Fargo, ND"
202,123744.0,Wilmington,NC,20,0.00016162399793121282,6187.2,1.6162399793121283,"Wilmington, NC"
203,123420.0,Abilene,TX,13,0.00010533138875384865,9493.846153846154,1.0533138875384864,"Abilene, TX"
204,123334.0,Odessa,TX,11,8.918870708806979e-05,11212.181818181818,0.891887070880698,"Odessa, TX"
205,123195.0,Columbia,MO,17,0.00013799261333658023,7246.764705882353,1.3799261333658022,"Columbia, MO"
206,122460.0,Pearland,TX,9,7.349338559529642e-05,13606.666666666666,0.7349338559529642,"Pearland, TX"
207,122385.0,Victorville,CA,5,4.085467990358296e-05,24477.0,0.4085467990358295,"Victorville, CA"
208,122105.0,Hartford,CT,13,0.0001064657466934196,9392.692307692309,1.064657466934196,"Hartford, CT"
209,121692.0,Vallejo,CA,4,3.286986819182855e-05,30423.0,0.3286986819182855,"Vallejo, CA"
210,121442.0,Allentown,PA,11,9.057821840878773e-05,11040.181818181818,0.9057821840878774,"Allentown, PA"
211,121363.0,Berkeley,CA,5,4.119871789589908e-05,24272.6,0.4119871789589908,"Berkeley, CA"
212,121323.0,Richardson,TX,7,5.769722146666337e-05,17331.85714285714,0.5769722146666336,"Richardson, TX"
213,121272.0,Arvada,CO,16,0.00013193482419684676,7579.5,1.3193482419684675,"Arvada, CO"
214,119980.0,Ann Arbor,MI,6,5.000833472245374e-05,19996.666666666668,0.5000833472245374,"Ann Arbor, MI"
215,118935.0,Rochester,MN,11,9.248749316853743e-05,10812.272727272728,0.9248749316853744,"Rochester, MN"
216,118927.0,Cambridge,MA,7,5.8859636583786695e-05,16989.571428571428,0.5885963658378669,"Cambridge, MA"
217,118488.0,Sugar Land,TX,8,6.751738572682465e-05,14811.0,0.6751738572682465,"Sugar Land, TX"
218,118210.0,Lansing,MI,20,0.00016919042382201166,5910.5,1.6919042382201168,"Lansing, MI"
219,117979.0,Evansville,IN,32,0.00027123471126217375,3686.84375,2.7123471126217376,"Evansville, IN"
220,117911.0,College Station,TX,2,1.6961945874430713e-05,58955.5,0.16961945874430714,"College Station, TX"
221,117133.0,Fairfield,CA,11,9.391034123603083e-05,10648.454545454546,0.9391034123603084,"Fairfield, CA"
222,116946.0,Clearwater,FL,25,0.00021377387854223316,4677.84,2.1377387854223318,"Clearwater, FL"
223,116825.0,Beaumont,TX,10,8.559811684142949e-05,11682.5,0.855981168414295,"Beaumont, TX"
224,116672.0,Independence,MO,12,0.00010285244103126714,9722.666666666666,1.0285244103126714,"Independence, MO"
225,116618.0,Provo,UT,11,9.432506131128986e-05,10601.636363636364,0.9432506131128986,"Provo, UT"
226,116480.0,West Jordan,UT,9,7.726648351648351e-05,12942.222222222223,0.7726648351648352,"West Jordan, UT"
227,116223.0,Murrieta,CA,5,4.302074460304759e-05,23244.6,0.43020744603047595,"Murrieta, CA"
228,115552.0,Palm Bay,FL,6,5.192467460537247e-05,19258.666666666668,0.5192467460537248,"Palm Bay, FL"
229,115487.0,El Monte,CA,8,6.927186609748283e-05,14435.875,0.6927186609748284,"El Monte, CA"
230,115382.0,Carlsbad,CA,3,2.600058934669186e-05,38460.666666666664,0.2600058934669186,"Carlsbad, CA"
231,115382.0,North Charleston,SC,29,0.0002513390303513546,3978.689655172414,2.5133903035135465,"North Charleston, SC"
232,114761.0,Temecula,CA,5,4.356880821881998e-05,22952.2,0.4356880821881998,"Temecula, CA"
233,114584.0,Clovis,CA,7,6.109055365496055e-05,16369.142857142857,0.6109055365496056,"Clovis, CA"
234,114230.0,Springfield,IL,17,0.0001488225509936094,6719.411764705882,1.488225509936094,"Springfield, IL"
235,114161.0,Meridian,ID,18,0.00015767205963507677,6342.277777777777,1.5767205963507678,"Meridian, ID"
236,113166.0,Westminster,CO,3,2.6509729070568897e-05,37722.0,0.265097290705689,"Westminster, CO"
237,113003.0,Costa Mesa,CA,17,0.00015043848393405486,6647.235294117647,1.5043848393405486,"Costa Mesa, CA"
238,112791.0,High Point,NC,16,0.0001418552898724189,7049.4375,1.418552898724189,"High Point, NC"
239,112673.0,Manchester,NH,8,7.100192592724077e-05,14084.125,0.7100192592724077,"Manchester, NH"
240,112361.0,Pueblo,CO,11,9.789873710629133e-05,10214.636363636364,0.9789873710629132,"Pueblo, CO"
241,112136.0,Lakeland,FL,24,0.00021402582578297782,4672.333333333333,2.140258257829778,"Lakeland, FL"
242,112118.0,Pompano Beach,FL,29,0.00025865605879519794,3866.137931034483,2.586560587951979,"Pompano Beach, FL"
243,111955.0,West Palm Beach,FL,46,0.0004108793711759189,2433.804347826087,4.10879371175919,"West Palm Beach, FL"
244,111502.0,Antioch,CA,7,6.27791429750139e-05,15928.857142857143,0.627791429750139,"Antioch, CA"
245,111475.0,Everett,WA,17,0.00015250056066382596,6557.35294117647,1.5250056066382596,"Everett, WA"
246,111126.0,Downey,CA,6,5.399276496949409e-05,18521.0,0.5399276496949409,"Downey, CA"
247,110997.0,Lowell,MA,4,3.603701000927953e-05,27749.25,0.3603701000927953,"Lowell, MA"
248,110849.0,Elgin,IL,9,8.119153082120722e-05,12316.555555555555,0.8119153082120724,"Elgin, IL"
249,110567.0,Richmond,CA,7,6.331002921305633e-05,15795.285714285714,0.6331002921305634,"Richmond, CA"
250,110417.0,Peoria,IL,15,0.0001358486464946521,7361.133333333333,1.358486464946521,"Peoria, IL"
251,110198.0,Broken Arrow,OK,14,0.00012704404798635183,7871.285714285715,1.2704404798635185,"Broken Arrow, OK"
252,110001.0,Miami Gardens,FL,1,9.0908264470323e-06,110001.0,0.090908264470323,"Miami Gardens, FL"
253,109577.0,Billings,MT,14,0.00012776403807368336,7826.928571428572,1.2776403807368333,"Billings, MT"
254,109381.0,Gresham,OR,14,0.00012799297867088433,7812.928571428572,1.2799297867088433,"Gresham, OR"
255,109212.0,Lewisville,TX,6,5.49390176903637e-05,18202.0,0.5493901769036369,"Lewisville, TX"
256,109128.0,Hillsboro,OR,9,8.247195953375852e-05,12125.333333333334,0.8247195953375852,"Hillsboro, OR"
257,108649.0,Greeley,CO,11,0.00010124345369032388,9877.181818181818,1.0124345369032388,"Greeley, CO"
258,108151.0,Inglewood,CA,13,0.00012020230973361319,8319.307692307691,1.2020230973361319,"Inglewood, CA"
259,107568.0,Waterbury,CT,9,8.366800535475234e-05,11952.0,0.8366800535475234,"Waterbury, CT"
260,107536.0,League City,TX,6,5.579526856122601e-05,17922.666666666668,0.5579526856122601,"League City, TX"
261,107263.0,Santa Maria,CA,11,0.00010255167205839852,9751.181818181818,1.0255167205839852,"Santa Maria, CA"
262,106985.0,Tyler,TX,16,0.00014955367574893676,6686.5625,1.4955367574893679,"Tyler, TX"
263,106280.0,Daly City,CA,9,8.468197214904028e-05,11808.888888888889,0.8468197214904027,"Daly City, CA"
264,105673.0,Boulder,CO,5,4.7315776026042603e-05,21134.6,0.47315776026042605,"Boulder, CO"
265,105623.0,Allen,TX,5,4.7338174450640484e-05,21124.6,0.47338174450640486,"Allen, TX"
266,105101.0,West Covina,CA,9,8.563191596654646e-05,11677.888888888889,0.8563191596654647,"West Covina, CA"
267,105006.0,Sparks,NV,10,9.523265337218826e-05,10500.6,0.9523265337218825,"Sparks, NV"
268,104683.0,Wichita Falls,TX,15,0.00014328974140978,6978.866666666667,1.4328974140978001,"Wichita Falls, TX"
269,104578.0,Green Bay,WI,13,0.0001243091281148999,8044.461538461538,1.2430912811489987,"Green Bay, WI"
270,104430.0,San Mateo,CA,9,8.618213157138753e-05,11603.333333333334,0.8618213157138753,"San Mateo, CA"
271,103949.0,Norwalk,CA,5,4.810051082742499e-05,20789.8,0.48100510827424986,"Norwalk, CA"
272,103526.0,Rialto,CA,7,6.761586461372023e-05,14789.42857142857,0.6761586461372022,"Rialto, CA"
273,103432.0,Las Cruces,NM,16,0.00015469100471807563,6464.5,1.5469100471807564,"Las Cruces, NM"
274,103301.0,Chico,CA,18,0.00017424807117065664,5738.944444444444,1.7424807117065664,"Chico, CA"
275,102708.0,El Cajon,CA,14,0.00013630875881138764,7336.285714285715,1.3630875881138762,"El Cajon, CA"
276,102511.0,Burbank,CA,12,0.00011706060812985923,8542.583333333334,1.1706060812985923,"Burbank, CA"
277,102026.0,South Bend,IN,17,0.00016662419383294455,6001.529411764706,1.6662419383294453,"South Bend, IN"
278,101751.0,Renton,WA,15,0.00014741869858772886,6783.4,1.4741869858772887,"Renton, WA"
279,101638.0,Vista,CA,8,7.871071843208248e-05,12704.75,0.7871071843208248,"Vista, CA"
280,101590.0,Davenport,IA,14,0.00013780883945270205,7256.428571428572,1.3780883945270204,"Davenport, IA"
281,101170.0,Edinburg,TX,8,7.907482455273303e-05,12646.25,0.7907482455273301,"Edinburg, TX"
282,101129.0,Tuscaloosa,AL,30,0.00029665081232880776,3370.9666666666667,2.9665081232880777,"Tuscaloosa, AL"
283,101068.0,Carmel,IN,21,0.0002077808999881268,4812.761904761905,2.077808999881268,"Carmel, IN"
284,101004.0,San Angelo,TX,16,0.00015840956793790345,6312.75,1.5840956793790344,"San Angelo, TX"
285,100670.0,Vacaville,CA,12,0.00011920135094864409,8389.166666666666,1.1920135094864408,"Vacaville, CA"
286,100421.0,Bend,OR,13,0.00012945499447326755,7724.692307692308,1.2945499447326756,"Bend, OR"
287,99944.0,Kenosha,WI,8,8.004482510205715e-05,12493.0,0.8004482510205715,"Kenosha, WI"
288,99805.0,Boca Raton,FL,24,0.00024046891438304693,4158.541666666667,2.4046891438304696,"Boca Raton, FL"
289,99277.0,Nampa,ID,17,0.00017123805110952185,5839.823529411765,1.7123805110952184,"Nampa, ID"
290,99178.0,Rio Rancho,NM,12,0.00012099457540986913,8264.833333333334,1.2099457540986913,"Rio Rancho, NM"
291,99143.0,Roanoke,VA,48,0.0004841491582865154,2065.4791666666665,4.841491582865154,"Roanoke, VA"
292,99037.0,Beaverton,OR,24,0.00024233367327362501,4126.541666666667,2.42333673273625,"Beaverton, OR"
293,98285.0,Yuma,AZ,20,0.00020348985094368417,4914.25,2.0348985094368417,"Yuma, AZ"
294,98193.0,Lawrence,KS,10,0.0001018402533785504,9819.3,1.018402533785504,"Lawrence, KS"
295,97828.0,Orem,UT,7,7.15541562742773e-05,13975.42857142857,0.715541562742773,"Orem, UT"
296,97261.0,Longmont,CO,8,8.225290712618624e-05,12157.625,0.8225290712618624,"Longmont, CO"
297,96664.0,San Marcos,CA,4,4.138045187453447e-05,24166.0,0.41380451874534474,"San Marcos, CA"
298,96460.0,Albany,NY,15,0.00015550487248600455,6430.666666666667,1.5550487248600455,"Albany, NY"
299,96380.0,Sandy,UT,10,0.00010375596596804317,9638.0,1.0375596596804317,"Sandy, UT"
300,96341.0,Concord,NC,18,0.00018683634174442864,5352.277777777777,1.8683634174442865,"Concord, NC"
301,96289.0,Federal Way,WA,14,0.00014539563189980165,6877.785714285715,1.4539563189980165,"Federal Way, WA"
302,95750.0,Hesperia,CA,5,5.2219321148825065e-05,19150.0,0.5221932114882507,"Hesperia, CA"
303,95708.0,Brockton,MA,8,8.358757888577757e-05,11963.5,0.8358757888577757,"Brockton, MA"
304,95605.0,Compton,CA,9,9.413733591339366e-05,10622.777777777777,0.9413733591339366,"Compton, CA"
305,95538.0,Flint,MI,22,0.00023027486445184115,4342.636363636364,2.3027486445184113,"Flint, MI"
306,95508.0,Erie,PA,15,0.0001570549063952758,6367.2,1.5705490639527577,"Erie, PA"
307,95363.0,New Bedford,MA,5,5.2431236433417576e-05,19072.6,0.5243123643341757,"New Bedford, MA"
308,95310.0,Fishers,IN,8,8.393662784597629e-05,11913.75,0.8393662784597629,"Fishers, IN"
309,94763.0,Roswell,GA,10,0.00010552641853888121,9476.3,1.055264185388812,"Roswell, GA"
310,94756.0,Menifee,CA,1,1.0553421419224113e-05,94756.0,0.10553421419224113,"Menifee, CA"
311,94740.0,Tracy,CA,6,6.333122229259025e-05,15790.0,0.6333122229259025,"Tracy, CA"
312,94580.0,Plantation,FL,2,2.114611968703743e-05,47290.0,0.2114611968703743,"Plantation, FL"
313,94470.0,Quincy,MA,11,0.0001164390811897957,8588.181818181818,1.1643908118979571,"Quincy, MA"
314,94398.0,Portsmouth,VA,11,0.00011652789254009618,8581.636363636364,1.165278925400962,"Portsmouth, VA"
315,94381.0,Mission Viejo,CA,3,3.1786058634682826e-05,31460.333333333332,0.3178605863468283,"Mission Viejo, CA"
316,94371.0,Chino,CA,8,8.477180489769102e-05,11796.375,0.8477180489769104,"Chino, CA"
317,94299.0,Lynn,MA,1,1.0604566326260088e-05,94299.0,0.10604566326260087,"Lynn, MA"
318,94054.0,Edmond,OK,18,0.0001913794203330002,5225.222222222223,1.913794203330002,"Edmond, OK"
319,93932.0,Dearborn,MI,4,4.258399693395222e-05,23483.0,0.4258399693395222,"Dearborn, MI"
320,93665.0,Livonia,MI,12,0.0001281161586505098,7805.416666666667,1.2811615865050978,"Livonia, MI"
321,93637.0,Yakima,WA,28,0.0002990270939906234,3344.1785714285716,2.990270939906234,"Yakima, WA"
322,93444.0,South Gate,CA,9,9.631437010401952e-05,10382.666666666666,0.9631437010401952,"South Gate, CA"
323,93400.0,Greenville,NC,17,0.00018201284796573876,5494.117647058823,1.8201284796573876,"Greenville, NC"
324,93025.0,Lawton,OK,10,0.00010749798441279227,9302.5,1.0749798441279226,"Lawton, OK"
325,93010.0,Kirkland,WA,2,2.1503064186646596e-05,46505.0,0.21503064186646598,"Kirkland, WA"
326,92870.0,Asheville,NC,24,0.0002584257564337246,3869.5833333333335,2.5842575643372454,"Asheville, NC"
327,92757.0,Deltona,FL,3,3.2342572528218895e-05,30919.0,0.32342572528218894,"Deltona, FL"
328,92590.0,Redding,CA,7,7.560211685927205e-05,13227.142857142857,0.7560211685927206,"Redding, CA"
329,92314.0,Bellingham,WA,9,9.749333795523973e-05,10257.111111111111,0.9749333795523972,"Bellingham, WA"
330,92108.0,Suffolk,VA,11,0.00011942502279932253,8373.454545454546,1.1942502279932252,"Suffolk, VA"
331,91765.0,Indio,CA,5,5.448700484934343e-05,18353.0,0.5448700484934342,"Indio, CA"
332,91684.0,Mount Pleasant,SC,13,0.0001417913703590594,7052.615384615385,1.4179137035905938,"Mount Pleasant, SC"
333,91394.0,Carson,CA,8,8.753309845285248e-05,11424.25,0.8753309845285249,"Carson, CA"
334,91364.0,Santa Barbara,CA,3,3.283569020620813e-05,30454.666666666668,0.32835690206208135,"Santa Barbara, CA"
335,91079.0,Conroe,TX,11,0.00012077427288397984,8279.90909090909,1.2077427288397984,"Conroe, TX"
336,90643.0,Westminster,CA,6,6.619374910362632e-05,15107.166666666666,0.6619374910362632,"Westminster, CA"
337,90401.0,Santa Monica,CA,4,4.424729814935676e-05,22600.25,0.4424729814935675,"Santa Monica, CA"
338,90209.0,New Braunfels,TX,11,0.00012193905264441464,8200.818181818182,1.2193905264441465,"New Braunfels, TX"
339,90189.0,Livermore,CA,7,7.761478672565391e-05,12884.142857142857,0.7761478672565391,"Livermore, CA"
340,89541.0,Fall River,MA,3,3.35042047776996e-05,29847.0,0.335042047776996,"Fall River, MA"
341,89355.0,Nashua,NH,10,0.00011191315539141626,8935.5,1.1191315539141626,"Nashua, NH"
342,88909.0,Champaign,IL,11,0.0001237220078957136,8082.636363636364,1.237220078957136,"Champaign, IL"
343,88885.0,Miami Beach,FL,7,7.875344546323902e-05,12697.857142857143,0.7875344546323901,"Miami Beach, FL"
344,88816.0,Norwalk,CT,6,6.755539542424788e-05,14802.666666666666,0.6755539542424788,"Norwalk, CT"
345,88815.0,San Leandro,CA,9,0.00010133423408208073,9868.333333333334,1.013342340820807,"San Leandro, CA"
346,88414.0,Newton,MA,1,1.1310425950641302e-05,88414.0,0.11310425950641301,"Newton, MA"
347,88375.0,Reading,PA,16,0.00018104667609618105,5523.4375,1.8104667609618104,"Reading, PA"
348,87931.0,Avondale,AZ,15,0.00017058830219149104,5862.066666666667,1.7058830219149104,"Avondale, AZ"
349,87891.0,Fort Smith,AR,12,0.00013653275079359662,7324.25,1.3653275079359661,"Fort Smith, AR"
350,87796.0,Citrus Heights,CA,13,0.0001480705271310766,6753.538461538462,1.4807052713107658,"Citrus Heights, CA"
351,87773.0,Ogden,UT,32,0.00036457680607931823,2742.90625,3.6457680607931824,"Ogden, UT"
352,87590.0,Fayetteville,AR,14,0.00015983559767096702,6256.428571428572,1.59835597670967,"Fayetteville, AR"
353,87103.0,Fort Myers,FL,24,0.0002755358598440926,3629.2916666666665,2.7553585984409263,"Fort Myers, FL"
354,86840.0,Goodyear,AZ,5,5.757715338553662e-05,17368.0,0.5757715338553663,"Goodyear, AZ"
355,86276.0,Bryan,TX,6,6.954425332653345e-05,14379.333333333334,0.6954425332653346,"Bryan, TX"
356,86075.0,Waukegan,IL,13,0.00015103107754864943,6621.153846153846,1.5103107754864944,"Waukegan, IL"
357,86068.0,Hawthorne,CA,5,5.8093600408978944e-05,17213.6,0.5809360040897895,"Hawthorne, CA"
358,85925.0,Redwood City,CA,6,6.982833866744254e-05,14320.833333333334,0.6982833866744255,"Redwood City, CA"
359,85755.0,Bloomington,IN,12,0.00013993353157250307,7146.25,1.3993353157250306,"Bloomington, IN"
360,85618.0,Duluth,MN,11,0.0001284776565675442,7783.454545454545,1.2847765656754422,"Duluth, MN"
361,85531.0,Lake Forest,CA,6,7.015000409208358e-05,14255.166666666666,0.7015000409208356,"Lake Forest, CA"
362,85334.0,Hemet,CA,5,5.8593292239904374e-05,17066.8,0.5859329223990437,"Hemet, CA"
363,85098.0,Whittier,CA,15,0.00017626736233519,5673.2,1.7626736233519,"Whittier, CA"
364,84948.0,Largo,FL,14,0.00016480670527852333,6067.714285714285,1.6480670527852335,"Largo, FL"
365,84694.0,Danbury,CT,2,2.3614423689989846e-05,42347.0,0.23614423689989844,"Danbury, CT"
366,84683.0,Santa Fe,NM,11,0.00012989620112655433,7698.454545454545,1.2989620112655433,"Santa Fe, NM"
367,84534.0,Newport Beach,CA,14,0.00016561383585302956,6038.142857142857,1.6561383585302956,"Newport Beach, CA"
368,84347.0,Kennewick,WA,25,0.0002963946554115736,3373.88,2.9639465541157364,"Kennewick, WA"
369,84331.0,Mission,TX,10,0.00011858035597822864,8433.1,1.1858035597822865,"Mission, TX"
370,84196.0,Milpitas,CA,8,9.501639032733146e-05,10524.5,0.9501639032733146,"Milpitas, CA"
371,84092.0,Troy,MI,10,0.00011891737620701137,8409.2,1.1891737620701137,"Troy, MI"
372,83853.0,Chino Hills,CA,3,3.577689528102751e-05,27951.0,0.3577689528102751,"Chino Hills, CA"
373,83750.0,Alhambra,CA,9,0.00010746268656716417,9305.555555555555,1.0746268656716418,"Alhambra, CA"
374,83676.0,Merced,CA,14,0.0001673120130025336,5976.857142857143,1.673120130025336,"Merced, CA"
375,83203.0,Trenton,NJ,4,4.807518959652897e-05,20800.75,0.4807518959652897,"Trenton, NJ"
376,83097.0,Franklin,TN,24,0.0002888190909419113,3462.375,2.8881909094191127,"Franklin, TN"
377,83072.0,Medford,OR,19,0.00022871725731895222,4372.210526315789,2.2871725731895225,"Medford, OR"
378,83029.0,Melbourne,FL,11,0.0001324838309506317,7548.090909090909,1.3248383095063172,"Melbourne, FL"
379,83028.0,Manteca,CA,9,0.00010839716722069663,9225.333333333334,1.0839716722069663,"Manteca, CA"
380,82739.0,Mountain View,CA,4,4.834479507849986e-05,20684.75,0.48344795078499864,"Mountain View, CA"
381,82651.0,Sioux City,IA,17,0.00020568414175267086,4861.823529411765,2.0568414175267087,"Sioux City, IA"
382,82168.0,Lynchburg,VA,21,0.0002555739460617272,3912.7619047619046,2.5557394606172723,"Lynchburg, VA"
383,81788.0,Buena Park,CA,7,8.558712769599452e-05,11684.0,0.8558712769599451,"Buena Park, CA"
384,81777.0,Pleasanton,CA,8,9.782701737652396e-05,10222.125,0.9782701737652396,"Pleasanton, CA"
385,81631.0,Longview,TX,18,0.0002205044652154206,4535.055555555556,2.205044652154206,"Longview, TX"
386,81511.0,Westland,MI,4,4.90731312338212e-05,20377.75,0.49073131233821204,"Westland, MI"
387,81464.0,Auburn,WA,15,0.00018413041343415495,5430.933333333333,1.8413041343415497,"Auburn, WA"
388,81456.0,Cranston,RI,3,3.682969946965233e-05,27152.0,0.36829699469652327,"Cranston, RI"
389,81360.0,Somerville,MA,3,3.687315634218289e-05,27120.0,0.36873156342182895,"Somerville, MA"
390,81328.0,Folsom,CA,5,6.14794412748377e-05,16265.6,0.614794412748377,"Folsom, CA"
391,81125.0,Springdale,AR,16,0.00019722650231124807,5070.3125,1.9722650231124805,"Springdale, AR"
392,81066.0,Deerfield Beach,FL,5,6.167813880048356e-05,16213.2,0.6167813880048355,"Deerfield Beach, FL"
393,81004.0,Warwick,RI,3,3.703520813786973e-05,27001.333333333332,0.37035208137869735,"Warwick, RI"
394,80796.0,Cicero,IL,3,3.71305510173771e-05,26932.0,0.371305510173771,"Cicero, IL"
395,80028.0,Lawrence,MA,5,6.247813265357125e-05,16005.6,0.6247813265357125,"Lawrence, MA"
396,79620.0,Buckeye,AZ,8,0.0001004772670183371,9952.5,1.004772670183371,"Buckeye, AZ"
397,79604.0,Georgetown,TX,3,3.768654841465253e-05,26534.666666666668,0.3768654841465253,"Georgetown, TX"
398,79462.0,Cedar Park,TX,8,0.00010067705318265335,9932.75,1.0067705318265334,"Cedar Park, TX"
399,79348.0,Tustin,CA,7,8.821898472551292e-05,11335.42857142857,0.8821898472551293,"Tustin, CA"
400,79307.0,Lakewood,CA,8,0.00010087381946108161,9913.375,1.0087381946108163,"Lakewood, CA"
401,79291.0,Perris,CA,5,6.305885913912046e-05,15858.2,0.6305885913912046,"Perris, CA"
402,79135.0,Flower Mound,TX,2,2.5273267201617488e-05,39567.5,0.2527326720161749,"Flower Mound, TX"
403,78877.0,Loveland,CO,10,0.00012677966961218098,7887.7,1.26779669612181,"Loveland, CO"
404,78679.0,Boynton Beach,FL,20,0.0002541974351478794,3933.95,2.541974351478794,"Boynton Beach, FL"
405,78557.0,New Rochelle,NY,1,1.272961034662729e-05,78557.0,0.1272961034662729,"New Rochelle, NY"
406,78439.0,Temple,TX,3,3.824628054921659e-05,26146.333333333332,0.3824628054921659,"Temple, TX"
407,78396.0,Lake Charles,LA,16,0.00020409204551252616,4899.75,2.0409204551252613,"Lake Charles, LA"
408,78394.0,Jonesboro,AR,13,0.00016582901752685154,6030.307692307692,1.6582901752685153,"Jonesboro, AR"
409,78130.0,Napa,CA,6,7.679508511455267e-05,13021.666666666666,0.7679508511455267,"Napa, CA"
410,78014.0,Layton,UT,8,0.00010254569692619273,9751.75,1.0254569692619273,"Layton, UT"
411,77624.0,Alameda,CA,8,0.00010306090899721736,9703.0,1.0306090899721736,"Alameda, CA"
412,77617.0,Warner Robins,GA,14,0.00018037285646185758,5544.071428571428,1.8037285646185757,"Warner Robins, GA"
413,77503.0,Rapid City,SD,42,0.0005419145065352309,1845.3095238095239,5.419145065352309,"Rapid City, SD"
414,77330.0,Bloomington,IL,6,7.75895512737618e-05,12888.333333333334,0.775895512737618,"Bloomington, IL"
415,77273.0,Gastonia,NC,22,0.000284704877512197,3512.409090909091,2.84704877512197,"Gastonia, NC"
416,77192.0,Baytown,TX,9,0.00011659239299409266,8576.888888888889,1.1659239299409265,"Baytown, TX"
417,77140.0,Upland,CA,5,6.481721545242416e-05,15428.0,0.6481721545242416,"Upland, CA"
418,76760.0,Racine,WI,8,0.00010422094841063054,9595.0,1.0422094841063054,"Racine, WI"
419,76653.0,Scranton,PA,3,3.913741145160659e-05,25551.0,0.3913741145160659,"Scranton, PA"
420,76598.0,South Jordan,UT,1,1.305517115329382e-05,76598.0,0.1305517115329382,"South Jordan, UT"
421,76435.0,Bellflower,CA,4,5.233204683718192e-05,19108.75,0.5233204683718191,"Bellflower, CA"
422,76200.0,Kalamazoo,MI,23,0.0003018372703412073,3313.0434782608695,3.0183727034120733,"Kalamazoo, MI"
423,75995.0,San Ramon,CA,2,2.6317520889532207e-05,37997.5,0.2631752088953221,"San Ramon, CA"
424,75815.0,Bethlehem,PA,10,0.00013190001978500296,7581.5,1.3190001978500296,"Bethlehem, PA"
425,75667.0,Wyoming,MI,8,0.00010572640649160136,9458.375,1.0572640649160137,"Wyoming, MI"
426,75522.0,Hammond,IN,15,0.00019861762135536665,5034.8,1.9861762135536665,"Hammond, IN"
427,75516.0,Missoula,MT,14,0.0001853911753800519,5394.0,1.8539117538005192,"Missoula, MT"
428,75457.0,Missouri City,TX,3,3.9757742820414275e-05,25152.333333333332,0.39757742820414277,"Missouri City, TX"
429,75432.0,Pasco,WA,11,0.0001458267048467494,6857.454545454545,1.458267048467494,"Pasco, WA"
430,75251.0,Baldwin Park,CA,6,7.973315969223e-05,12541.833333333334,0.7973315969223,"Baldwin Park, CA"
431,75130.0,Iowa City,IA,4,5.324104884866232e-05,18782.5,0.5324104884866232,"Iowa City, IA"
432,75087.0,Rancho Cordova,CA,6,7.9907307523273e-05,12514.5,0.79907307523273,"Rancho Cordova, CA"
433,75048.0,Rock Hill,SC,7,9.327363820488221e-05,10721.142857142857,0.932736382048822,"Rock Hill, SC"
434,75038.0,Flagstaff,AZ,8,0.00010661264959087396,9379.75,1.0661264959087395,"Flagstaff, AZ"
435,74879.0,Gary,IN,16,0.00021367806728188142,4679.9375,2.1367806728188143,"Gary, IN"
436,74760.0,Arlington Heights,IL,4,5.3504547886570356e-05,18690.0,0.5350454788657036,"Arlington Heights, IL"
437,74545.0,Bolingbrook,IL,5,6.70735797169495e-05,14909.0,0.6707357971694949,"Bolingbrook, IL"
438,74416.0,Framingham,MA,3,4.031391098688454e-05,24805.333333333332,0.4031391098688454,"Framingham, MA"
439,74107.0,Union City,CA,4,5.397600766459309e-05,18526.75,0.5397600766459308,"Union City, CA"
440,74098.0,Appleton,WI,8,0.00010796512726389376,9262.25,1.0796512726389376,"Appleton, WI"
441,73631.0,Turlock,CA,12,0.00016297483396938788,6135.916666666667,1.629748339693879,"Turlock, CA"
442,73562.0,Camden,NJ,2,2.718795030042685e-05,36781.0,0.2718795030042685,"Camden, NJ"
443,73529.0,Bismarck,ND,9,0.00012240068544383848,8169.888888888889,1.2240068544383849,"Bismarck, ND"
444,73473.0,Evanston,IL,2,2.7220883862099003e-05,36736.5,0.27220883862099005,"Evanston, IL"
445,73453.0,Apple Valley,CA,2,2.7228295644834112e-05,36726.5,0.2722829564483411,"Apple Valley, CA"
446,72887.0,Schaumburg,IL,4,5.4879470961899925e-05,18221.75,0.5487947096189992,"Schaumburg, IL"
447,72717.0,Kissimmee,FL,30,0.0004125582738561822,2423.9,4.125582738561822,"Kissimmee, FL"
448,72689.0,Southfield,MI,6,8.254343848450246e-05,12114.833333333334,0.8254343848450246,"Southfield, MI"
449,72622.0,Maple Grove,MN,1,1.3769931976536036e-05,72622.0,0.13769931976536037,"Maple Grove, MN"
450,72588.0,Pittsburg,CA,4,5.5105527084366565e-05,18147.0,0.5510552708436657,"Pittsburg, CA"
451,72495.0,New Britain,CT,3,4.138216428719222e-05,24165.0,0.4138216428719222,"New Britain, CT"
452,72436.0,Jacksonville,NC,16,0.00022088464299519576,4527.25,2.2088464299519575,"Jacksonville, NC"
453,72419.0,Mansfield,TX,4,5.523412364158577e-05,18104.75,0.5523412364158578,"Mansfield, TX"
454,72299.0,Waukesha,WI,8,0.00011065159960718683,9037.375,1.1065159960718682,"Waukesha, WI"
455,72244.0,Frederick,MD,20,0.00027683959913626043,3612.2,2.7683959913626044,"Frederick, MD"
456,72130.0,Albany,GA,17,0.00023568556772494108,4242.941176470588,2.3568556772494107,"Albany, GA"
457,72117.0,Pawtucket,RI,3,4.159906818087275e-05,24039.0,0.41599068180872745,"Pawtucket, RI"
458,71929.0,Redmond,WA,11,0.0001529285823520416,6539.0,1.529285823520416,"Redmond, WA"
459,71721.0,Lafayette,IN,11,0.00015337209464452533,6520.090909090909,1.533720946445253,"Lafayette, IN"
460,71705.0,Gulfport,MS,7,9.76222020779583e-05,10243.57142857143,0.9762220207795831,"Gulfport, MS"
461,71513.0,Redlands,CA,8,0.0001118677722931495,8939.125,1.118677722931495,"Redlands, CA"
462,70746.0,Decatur,IL,15,0.00021202612161818336,4716.4,2.1202612161818335,"Decatur, IL"
463,70724.0,North Port,FL,2,2.827894349867089e-05,35362.0,0.2827894349867089,"North Port, FL"
464,70670.0,North Richland Hills,TX,6,8.490165558228386e-05,11778.333333333334,0.8490165558228385,"North Richland Hills, TX"
465,70635.0,Greenville,SC,43,0.0006087633609400439,1642.6744186046512,6.087633609400439,"Greenville, SC"
466,70543.0,Bowling Green,KY,19,0.00026933926824773544,3712.7894736842104,2.6933926824773544,"Bowling Green, KY"
467,70465.0,Broomfield,CO,8,0.0001135315404810899,8808.125,1.135315404810899,"Broomfield, CO"
468,70447.0,Canton,OH,43,0.0006103879512257442,1638.3023255813953,6.103879512257442,"Canton, OH"
469,70298.0,Marysville,WA,14,0.00019915218071637884,5021.285714285715,1.9915218071637886,"Marysville, WA"
470,70166.0,Walnut Creek,CA,3,4.275575064846222e-05,23388.666666666668,0.42755750648462215,"Walnut Creek, CA"
471,70166.0,Wilmington,DE,10,0.0001425191688282074,7016.6,1.4251916882820739,"Wilmington, DE"
472,69888.0,Camarillo,CA,2,2.8617216117216117e-05,34944.0,0.28617216117216115,"Camarillo, CA"
473,69887.0,Lynwood,CA,2,2.8617625595604333e-05,34943.5,0.28617625595604335,"Lynwood, CA"
474,69724.0,Lehi,UT,2,2.8684527565830992e-05,34862.0,0.2868452756583099,"Lehi, UT"
475,69523.0,Homestead,FL,12,0.00017260474950735728,5793.583333333333,1.7260474950735727,"Homestead, FL"
476,69451.0,Delray Beach,FL,10,0.00014398640768311472,6945.1,1.439864076831147,"Delray Beach, FL"
477,69413.0,Davis,CA,4,5.76260930949534e-05,17353.25,0.5762609309495339,"Davis, CA"
478,69283.0,Lake Elsinore,CA,5,7.216777564481907e-05,13856.6,0.7216777564481908,"Lake Elsinore, CA"
479,69186.0,Daytona Beach,FL,16,0.0002312606596710317,4324.125,2.3126065967103173,"Daytona Beach, FL"
480,68941.0,Dothan,AL,33,0.0004786701672444554,2089.121212121212,4.786701672444554,"Dothan, AL"
481,68823.0,Rocklin,CA,3,4.3590078898042804e-05,22941.0,0.43590078898042806,"Rocklin, CA"
482,68802.0,Eau Claire,WI,10,0.00014534461207523037,6880.2,1.4534461207523037,"Eau Claire, WI"
483,68669.0,Rogers,AR,10,0.00014562611950079366,6866.9,1.4562611950079365,"Rogers, AR"
484,68484.0,Castle Rock,CO,8,0.00011681560656503709,8560.5,1.168156065650371,"Castle Rock, CO"
485,68159.0,Bossier City,LA,13,0.00019073049780659929,5243.0,1.9073049780659928,"Bossier City, LA"
486,68079.0,Rockville,MD,6,8.813290441986516e-05,11346.5,0.8813290441986515,"Rockville, MD"
487,67999.0,Muncie,IN,18,0.0002647097751437521,3777.722222222222,2.647097751437521,"Muncie, IN"
488,67985.0,Gaithersburg,MD,6,8.825476207987056e-05,11330.833333333334,0.8825476207987056,"Gaithersburg, MD"
489,67899.0,West Des Moines,IA,5,7.363878702190018e-05,13579.8,0.7363878702190018,"West Des Moines, IA"
490,67789.0,South San Francisco,CA,4,5.900662349348714e-05,16947.25,0.5900662349348714,"South San Francisco, CA"
491,67644.0,Yorba Linda,CA,4,5.913310862752055e-05,16911.0,0.5913310862752055,"Yorba Linda, CA"
492,67638.0,Conway,AR,14,0.00020698423962861113,4831.285714285715,2.0698423962861114,"Conway, AR"
493,67586.0,Lodi,CA,15,0.00022193945491669873,4505.733333333334,2.2193945491669873,"Lodi, CA"
494,67482.0,Palatine,IL,5,7.409383242938857e-05,13496.4,0.7409383242938858,"Palatine, IL"
495,67355.0,Ankeny,IA,9,0.00013362036968302279,7483.888888888889,1.336203696830228,"Ankeny, IA"
496,67345.0,Mount Vernon,NY,2,2.9697824634345533e-05,33672.5,0.2969782463434554,"Mount Vernon, NY"
497,67339.0,Rowlett,TX,1,1.4850235376230713e-05,67339.0,0.14850235376230714,"Rowlett, TX"
498,67328.0,Waterloo,IA,12,0.0001782319391634981,5610.666666666667,1.7823193916349809,"Waterloo, IA"
499,67213.0,Alpharetta,GA,10,0.0001487807418207787,6721.3,1.4878074182077872,"Alpharetta, GA"
500,67191.0,Jackson,TN,13,0.00019347829322379485,5168.538461538462,1.9347829322379486,"Jackson, TN"
501,67010.0,Yuba City,CA,7,0.0001044620205939412,9572.857142857143,1.044620205939412,"Yuba City, CA"
502,67004.0,Oshkosh,WI,8,0.00011939585696376336,8375.5,1.1939585696376336,"Oshkosh, WI"
503,66916.0,Victoria,TX,9,0.0001344969812899755,7435.111111111111,1.344969812899755,"Victoria, TX"
504,66906.0,Johnson City,TN,14,0.0002092487968194183,4779.0,2.092487968194183,"Johnson City, TN"
505,66749.0,Redondo Beach,CA,4,5.9925991400620235e-05,16687.25,0.5992599140062024,"Redondo Beach, CA"
506,66385.0,Laguna Niguel,CA,4,6.025457558183324e-05,16596.25,0.6025457558183325,"Laguna Niguel, CA"
507,66340.0,Kenner,LA,13,0.00019596020500452216,5103.076923076923,1.9596020500452216,"Kenner, LA"
508,66259.0,Auburn,AL,15,0.0002263843402405711,4417.266666666666,2.263843402405711,"Auburn, AL"
509,66258.0,Ames,IA,12,0.0001811102055600833,5521.5,1.811102055600833,"Ames, IA"
510,66215.0,Portland,ME,2,3.0204636411689194e-05,33107.5,0.30204636411689195,"Portland, ME"
511,65903.0,North Little Rock,AR,16,0.00024278105700802695,4118.9375,2.4278105700802697,"North Little Rock, AR"
512,65892.0,Sammamish,WA,1,1.5176349177441874e-05,65892.0,0.15176349177441875,"Sammamish, WA"
513,65860.0,Madera,CA,2,3.0367446097783177e-05,32930.0,0.30367446097783174,"Madera, CA"
514,65807.0,Shawnee,KS,5,7.597975899220448e-05,13161.4,0.7597975899220447,"Shawnee, KS"
515,65791.0,Jupiter,FL,9,0.00013679682631362954,7310.111111111111,1.367968263136295,"Jupiter, FL"
516,65496.0,Tulare,CA,6,9.160864785635764e-05,10916.0,0.9160864785635764,"Tulare, CA"
517,65469.0,Youngstown,OH,34,0.0005193297591226382,1925.5588235294117,5.193297591226382,"Youngstown, OH"
518,65398.0,Wellington,FL,6,9.174592495183338e-05,10899.666666666666,0.9174592495183339,"Wellington, FL"
519,65380.0,Pflugerville,TX,2,3.059039461609055e-05,32690.0,0.30590394616090544,"Pflugerville, TX"
520,65364.0,Palo Alto,CA,7,0.00010709258919282785,9337.714285714286,1.0709258919282785,"Palo Alto, CA"
521,65273.0,Schenectady,NY,4,6.128108099826881e-05,16318.25,0.6128108099826881,"Schenectady, NY"
522,65022.0,Harlingen,TX,16,0.0002460705607332903,4063.875,2.4607056073329026,"Harlingen, TX"
523,64897.0,Bayonne,NJ,2,3.0818065550025425e-05,32448.5,0.30818065550025425,"Bayonne, NJ"
524,64893.0,Eden Prairie,MN,3,4.622994776015903e-05,21631.0,0.4622994776015903,"Eden Prairie, MN"
525,64842.0,Port Orange,FL,4,6.168841183183739e-05,16210.5,0.6168841183183739,"Port Orange, FL"
526,64826.0,Dublin,CA,4,6.170363742942646e-05,16206.5,0.6170363742942647,"Dublin, CA"
527,64776.0,San Marcos,TX,10,0.00015437816475237742,6477.6,1.5437816475237742,"San Marcos, TX"
528,64668.0,Noblesville,IN,7,0.00010824519082080782,9238.285714285714,1.0824519082080781,"Noblesville, IN"
529,64608.0,Santa Cruz,CA,5,7.738979692917285e-05,12921.6,0.7738979692917286,"Santa Cruz, CA"
530,64575.0,Janesville,WI,6,9.291521486643438e-05,10762.5,0.9291521486643438,"Janesville, WI"
531,64558.0,San Clemente,CA,5,7.744973512190588e-05,12911.6,0.7744973512190588,"San Clemente, CA"
532,64474.0,Brentwood,CA,1,1.5510128113658217e-05,64474.0,0.1551012811365822,"Brentwood, CA"
533,64367.0,East Orange,NJ,2,3.107182251774978e-05,32183.5,0.3107182251774978,"East Orange, NJ"
534,64235.0,Cheyenne,WY,15,0.00023351755273604732,4282.333333333333,2.3351755273604735,"Cheyenne, WY"
535,64051.0,Chapel Hill,NC,17,0.0002654134986182886,3767.705882352941,2.6541349861828856,"Chapel Hill, NC"
536,64014.0,Haverhill,MA,1,1.5621582778767144e-05,64014.0,0.15621582778767146,"Haverhill, MA"
537,63855.0,Lorain,OH,5,7.830240388379923e-05,12771.0,0.7830240388379923,"Lorain, OH"
538,63597.0,Grand Junction,CO,14,0.0002201361699451232,4542.642857142857,2.201361699451232,"Grand Junction, CO"
539,63230.0,Springfield,OR,14,0.00022141388581369602,4516.428571428572,2.2141388581369603,"Springfield, OR"
540,62888.0,Idaho Falls,ID,12,0.00019081541788576516,5240.666666666667,1.9081541788576517,"Idaho Falls, ID"
541,62709.0,Encinitas,CA,2,3.1893348642140685e-05,31354.5,0.3189334864214068,"Encinitas, CA"
542,62700.0,Skokie,IL,9,0.00014354066985645933,6966.666666666667,1.4354066985645935,"Skokie, IL"
543,62608.0,Leander,TX,3,4.791719907998978e-05,20869.333333333332,0.4791719907998978,"Leander, TX"
544,62495.0,Waltham,MA,8,0.00012801024081926553,7811.875,1.2801024081926553,"Waltham, MA"
545,62166.0,Council Bluffs,IA,8,0.00012868770710677862,7770.75,1.2868770710677864,"Council Bluffs, IA"
546,62082.0,Hamilton,OH,32,0.0005154473116201153,1940.0625,5.154473116201154,"Hamilton, OH"
547,62027.0,Pico Rivera,CA,3,4.8366034146420105e-05,20675.666666666668,0.48366034146420106,"Pico Rivera, CA"
548,61954.0,Montebello,CA,5,8.070503922264906e-05,12390.8,0.8070503922264906,"Montebello, CA"
549,61448.0,Sanford,FL,8,0.0001301913813305559,7681.0,1.3019138133055592,"Sanford, FL"
550,61394.0,National City,CA,7,0.00011401765644851289,8770.57142857143,1.1401765644851287,"National City, CA"
551,61339.0,Burnsville,MN,7,0.0001141198910970182,8762.714285714286,1.1411989109701821,"Burnsville, MN"
552,61037.0,Lakewood,WA,12,0.00019660206104493995,5086.416666666667,1.9660206104493996,"Lakewood, WA"
553,60922.0,Taylor,MI,5,8.207215784117397e-05,12184.4,0.8207215784117395,"Taylor, MI"
554,60867.0,Marietta,GA,27,0.00044359012272660064,2254.3333333333335,4.435901227266006,"Marietta, GA"
555,60786.0,Ocala,FL,29,0.0004770835389727898,2096.0689655172414,4.770835389727898,"Ocala, FL"
556,60622.0,Terre Haute,IN,11,0.00018145227805087263,5511.090909090909,1.8145227805087263,"Terre Haute, IN"
557,60548.0,Woodland,CA,9,0.00014864239941864306,6727.555555555556,1.4864239941864306,"Woodland, CA"
558,60520.0,Petaluma,CA,2,3.304692663582287e-05,30260.0,0.3304692663582287,"Petaluma, CA"
559,60513.0,La Habra,CA,10,0.00016525374712871615,6051.3,1.6525374712871614,"La Habra, CA"
560,60470.0,Malden,MA,3,4.9611377542583097e-05,20156.666666666668,0.496113775425831,"Malden, MA"
561,60336.0,Commerce City,CO,1,1.6573853089366217e-05,60336.0,0.16573853089366217,"Commerce City, CO"
562,60131.0,Owensboro,KY,15,0.0002494553558064892,4008.733333333333,2.494553558064892,"Owensboro, KY"
563,59947.0,Bristol,CT,1,1.66814019050161e-05,59947.0,0.16681401905016097,"Bristol, CT"
564,59750.0,Utica,NY,7,0.00011715481171548118,8535.714285714286,1.1715481171548119,"Utica, NY"
565,59669.0,Monterey Park,CA,2,3.3518242303373614e-05,29834.5,0.33518242303373613,"Monterey Park, CA"
566,59637.0,Bonita Springs,FL,3,5.030434126465114e-05,19879.0,0.5030434126465114,"Bonita Springs, FL"
567,59599.0,Porterville,CA,3,5.033641504052081e-05,19866.333333333332,0.5033641504052081,"Porterville, CA"
568,59458.0,Greenwood,IN,21,0.0003531904874028726,2831.3333333333335,3.531904874028726,"Greenwood, IN"
569,59439.0,Bradenton,FL,29,0.00048789515301401435,2049.6206896551726,4.878951530140143,"Bradenton, FL"
570,59439.0,Vineland,NJ,2,3.36479415871734e-05,29719.5,0.336479415871734,"Vineland, NJ"
571,59438.0,Pontiac,MI,8,0.00013459403075473603,7429.75,1.3459403075473602,"Pontiac, MI"
572,59395.0,Meriden,CT,4,6.734573617307854e-05,14848.75,0.6734573617307854,"Meriden, CT"
573,59329.0,Gardena,CA,15,0.00025282745369043804,3955.266666666667,2.5282745369043806,"Gardena, CA"
574,59300.0,Apex,NC,9,0.00015177065767284993,6588.888888888889,1.5177065767284992,"Apex, NC"
575,59277.0,Royal Oak,MI,8,0.00013495959647080656,7409.625,1.3495959647080655,"Royal Oak, MI"
576,59276.0,Cupertino,CA,3,5.061070247655038e-05,19758.666666666668,0.5061070247655037,"Cupertino, CA"
577,59265.0,Lancaster,PA,9,0.00015186028853454822,6585.0,1.5186028853454823,"Lancaster, PA"
578,59249.0,La Mesa,CA,4,6.751168796097825e-05,14812.25,0.6751168796097824,"La Mesa, CA"
579,59032.0,Gilroy,CA,5,8.469982382436644e-05,11806.4,0.8469982382436645,"Gilroy, CA"
580,58899.0,Des Plaines,IL,9,0.0001528039525289054,6544.333333333333,1.5280395252890542,"Des Plaines, IL"
581,58877.0,Springfield,OH,18,0.00030572209861236136,3270.9444444444443,3.057220986123614,"Springfield, OH"
582,58856.0,Corvallis,OR,13,0.00022087807530243305,4527.384615384615,2.2087807530243304,"Corvallis, OR"
583,58632.0,Casa Grande,AZ,4,6.822213125938055e-05,14658.0,0.6822213125938055,"Casa Grande, AZ"
584,58481.0,Caldwell,ID,12,0.00020519484960927482,4873.416666666667,2.051948496092748,"Caldwell, ID"
585,58440.0,San Rafael,CA,2,3.4223134839151266e-05,29220.0,0.34223134839151265,"San Rafael, CA"
586,58434.0,Great Falls,MT,7,0.0001197932710408324,8347.714285714286,1.197932710408324,"Great Falls, MT"
587,58285.0,Sarasota,FL,18,0.0003088273140602213,3238.0555555555557,3.0882731406022135,"Sarasota, FL"
588,58225.0,Richland,WA,20,0.00034349506225848003,2911.25,3.4349506225848003,"Richland, WA"
589,58113.0,Hendersonville,TN,8,0.0001376628293152995,7264.125,1.376628293152995,"Hendersonville, TN"
590,58109.0,White Plains,NY,2,3.4418076373711474e-05,29054.5,0.3441807637371147,"White Plains, NY"
591,58098.0,Huntersville,NC,7,0.00012048607525216015,8299.714285714286,1.2048607525216015,"Huntersville, NC"
592,58081.0,Santee,CA,5,8.608667206143145e-05,11616.2,0.8608667206143146,"Santee, CA"
593,58020.0,Kokomo,IN,14,0.00024129610479145123,4144.285714285715,2.4129610479145125,"Kokomo, IN"
594,57939.0,Arcadia,CA,6,0.00010355718945787811,9656.5,1.035571894578781,"Arcadia, CA"
595,57931.0,Casper,WY,7,0.00012083340525797931,8275.857142857143,1.2083340525797932,"Casper, WY"
596,57882.0,Dubuque,IA,22,0.0003800836183960471,2631.0,3.8008361839604716,"Dubuque, IA"
597,57857.0,Orland Park,IL,4,6.913597317524241e-05,14464.25,0.691359731752424,"Orland Park, IL"
598,57706.0,Parker,CO,4,6.931688212664194e-05,14426.5,0.6931688212664194,"Parker, CO"
599,57704.0,Palm Beach Gardens,FL,3,5.1989463468737e-05,19234.666666666668,0.51989463468737,"Palm Beach Gardens, FL"
600,57703.0,Hanford,CA,3,5.199036445245481e-05,19234.333333333332,0.5199036445245482,"Hanford, CA"
601,57509.0,Huntington Park,CA,7,0.00012172007859639361,8215.57142857143,1.2172007859639362,"Huntington Park, CA"
602,57464.0,Taunton,MA,3,5.220659891410274e-05,19154.666666666668,0.5220659891410274,"Taunton, MA"
603,57341.0,Medford,MA,5,8.719764217575556e-05,11468.2,0.8719764217575557,"Medford, MA"
604,57197.0,Euless,TX,4,6.993373778345019e-05,14299.25,0.6993373778345019,"Euless, TX"
605,56666.0,Smyrna,GA,9,0.00015882539794585818,6296.222222222223,1.588253979458582,"Smyrna, GA"
606,56637.0,Pocatello,ID,22,0.0003884386531772516,2574.409090909091,3.884386531772516,"Pocatello, ID"
607,56457.0,Valdosta,GA,15,0.0002656889313991179,3763.8,2.6568893139911793,"Valdosta, GA"
608,55865.0,Lake Havasu City,AZ,4,7.160118141949342e-05,13966.25,0.7160118141949342,"Lake Havasu City, AZ"
609,55839.0,Grand Forks,ND,16,0.0002865380827020541,3489.9375,2.8653808270205414,"Grand Forks, ND"
610,55829.0,Blue Springs,MO,9,0.00016120654140321339,6203.222222222223,1.6120654140321338,"Blue Springs, MO"
611,55780.0,Southaven,MS,10,0.00017927572606669058,5578.0,1.7927572606669055,"Southaven, MS"
612,55773.0,Tinley Park,IL,5,8.964911337026876e-05,11154.6,0.8964911337026876,"Tinley Park, IL"
613,55720.0,Diamond Bar,CA,3,5.384063173007897e-05,18573.333333333332,0.5384063173007897,"Diamond Bar, CA"
614,55676.0,New Brunswick,NJ,5,8.980530210503628e-05,11135.2,0.8980530210503629,"New Brunswick, NJ"
615,55625.0,Lenexa,KS,6,0.00010786516853932584,9270.833333333334,1.0786516853932584,"Lenexa, KS"
616,55516.0,Novato,CA,1,1.8012825131493625e-05,55516.0,0.18012825131493623,"Novato, CA"
617,55417.0,Highland,CA,5,9.022502120287998e-05,11083.4,0.9022502120287998,"Highland, CA"
618,55357.0,Fountain Valley,CA,6,0.00010838737648355221,9226.166666666666,1.0838737648355221,"Fountain Valley, CA"
619,55353.0,Dearborn Heights,MI,2,3.6131736310588405e-05,27676.5,0.361317363105884,"Dearborn Heights, MI"
620,55338.0,Albany,OR,12,0.00021684918139434025,4611.5,2.1684918139434024,"Albany, OR"
621,55281.0,Grapevine,TX,6,0.00010853638682368264,9213.5,1.0853638682368263,"Grapevine, TX"
622,55126.0,Chicopee,MA,5,9.070130247070348e-05,11025.2,0.9070130247070348,"Chicopee, MA"
623,55113.0,Hempstead,NY,4,7.257815760346924e-05,13778.25,0.7257815760346923,"Hempstead, NY"
624,55022.0,Oak Lawn,IL,5,9.087274181236596e-05,11004.4,0.9087274181236596,"Oak Lawn, IL"
625,55007.0,Cathedral City,CA,3,5.453851328012798e-05,18335.666666666668,0.5453851328012799,"Cathedral City, CA"
626,54909.0,Bentonville,AR,8,0.00014569560545630043,6863.625,1.4569560545630043,"Bentonville, AR"
627,54824.0,Colton,CA,5,9.120093389756312e-05,10964.8,0.9120093389756311,"Colton, CA"
628,54765.0,Anderson,IN,18,0.0003286770747740345,3042.5,3.2867707477403454,"Anderson, IN"
629,54620.0,West Haven,CT,3,5.4924935920908094e-05,18206.666666666668,0.5492493592090809,"West Haven, CT"
630,54606.0,Burlington,NC,18,0.00032963410614218216,3033.6666666666665,3.2963410614218214,"Burlington, NC"
631,54604.0,Manhattan,KS,10,0.00018313676653725002,5460.4,1.8313676653725002,"Manhattan, KS"
632,54469.0,Normal,IL,2,3.671813325010557e-05,27234.5,0.3671813325010556,"Normal, IL"
633,54445.0,Decatur,AL,24,0.0004408118284507301,2268.5416666666665,4.408118284507301,"Decatur, AL"
634,54391.0,Berwyn,IL,6,0.00011031236785497601,9065.166666666666,1.10312367854976,"Berwyn, IL"
635,54280.0,Port Arthur,TX,6,0.0001105379513633014,9046.666666666666,1.105379513633014,"Port Arthur, TX"
636,54127.0,Kingsport,TN,12,0.0002217008147504942,4510.583333333333,2.217008147504942,"Kingsport, TN"
637,54058.0,Rosemead,CA,3,5.549594879573791e-05,18019.333333333332,0.5549594879573791,"Rosemead, CA"
638,53955.0,Paramount,CA,2,3.706792697618386e-05,26977.5,0.37067926976183857,"Paramount, CA"
639,53922.0,Rocky Mount,NC,8,0.00014836244946404064,6740.25,1.4836244946404065,"Rocky Mount, NC"
640,53921.0,Yucaipa,CA,3,5.5636950353294636e-05,17973.666666666668,0.5563695035329463,"Yucaipa, CA"
641,53856.0,Watsonville,CA,5,9.284016636957813e-05,10771.2,0.9284016636957814,"Watsonville, CA"
642,53757.0,Elyria,OH,16,0.00029763565675167884,3359.8125,2.9763565675167882,"Elyria, OH"
643,53727.0,Leesburg,VA,4,7.445046252349843e-05,13431.75,0.7445046252349843,"Leesburg, VA"
644,53719.0,Mount Prospect,IL,3,5.5846162437871144e-05,17906.333333333332,0.5584616243787114,"Mount Prospect, IL"
645,53637.0,Pinellas Park,FL,9,0.0001677946193858717,5959.666666666667,1.677946193858717,"Pinellas Park, FL"
646,53544.0,Bellevue,NE,9,0.00016808606006275212,5949.333333333333,1.6808606006275213,"Bellevue, NE"
647,53519.0,West Sacramento,CA,6,0.00011210971804405911,8919.833333333334,1.1210971804405914,"West Sacramento, CA"
648,53447.0,Apopka,FL,4,7.484049619248976e-05,13361.75,0.7484049619248976,"Apopka, FL"
649,53275.0,Palm Desert,CA,6,0.00011262318160488034,8879.166666666666,1.1262318160488034,"Palm Desert, CA"
650,53126.0,Little Elm,TX,2,3.764635018634943e-05,26563.0,0.37646350186349437,"Little Elm, TX"
651,53073.0,Revere,MA,3,5.6525917133005484e-05,17691.0,0.5652591713300549,"Revere, MA"
652,53070.0,Peabody,MA,2,3.768607499528924e-05,26535.0,0.37686074995289237,"Peabody, MA"
653,53067.0,Wylie,TX,3,5.6532308214144386e-05,17689.0,0.5653230821414438,"Wylie, TX"
654,53016.0,Harrisonburg,VA,8,0.0001508978421608571,6627.0,1.508978421608571,"Harrisonburg, VA"
655,52988.0,DeSoto,TX,1,1.8872197478674416e-05,52988.0,0.18872197478674416,"DeSoto, TX"
656,52975.0,Pensacola,FL,35,0.0006606890042472864,1513.5714285714287,6.606890042472864,"Pensacola, FL"
657,52882.0,Olympia,WA,26,0.0004916606784917363,2033.923076923077,4.916606784917364,"Olympia, WA"
658,52745.0,Wheaton,IL,2,3.7918286093468575e-05,26372.5,0.3791828609346858,"Wheaton, IL"
659,52592.0,Lacey,WA,3,5.7042896257986007e-05,17530.666666666668,0.5704289625798601,"Lacey, WA"
660,52549.0,Summerville,SC,17,0.00032350758339835204,3091.1176470588234,3.23507583398352,"Summerville, SC"
661,52414.0,Coeur d'Alene,ID,6,0.0001144732323425039,8735.666666666666,1.1447323234250393,"Coeur d'Alene, ID"
662,52381.0,Oak Park,IL,3,5.7272675206658905e-05,17460.333333333332,0.572726752066589,"Oak Park, IL"
663,52358.0,Elkhart,IN,32,0.000611176897513274,1636.1875,6.1117689751327395,"Elkhart, IN"
664,52127.0,Maricopa,AZ,1,1.9183916204654017e-05,52127.0,0.1918391620465402,"Maricopa, AZ"
665,51593.0,Madison,AL,13,0.00025197216676680945,3968.6923076923076,2.5197216676680947,"Madison, AL"
666,51586.0,Smyrna,TN,6,0.00011631062691427906,8597.666666666666,1.1631062691427907,"Smyrna, TN"
667,51544.0,Glendora,CA,5,9.70045010088468e-05,10308.8,0.9700450100884681,"Glendora, CA"
668,51542.0,Logan,UT,11,0.00021341818322921112,4685.636363636364,2.134181832292111,"Logan, UT"
669,51390.0,Perth Amboy,NJ,1,1.945903872348706e-05,51390.0,0.1945903872348706,"Perth Amboy, NJ"
670,51348.0,Herriman,UT,1,1.947495520760302e-05,51348.0,0.1947495520760302,"Herriman, UT"
671,51267.0,Grand Island,NE,9,0.0001755515243724033,5696.333333333333,1.7555152437240331,"Grand Island, NE"
672,51233.0,Placentia,CA,4,7.807467842991821e-05,12808.25,0.7807467842991821,"Placentia, CA"
673,51227.0,La Crosse,WI,13,0.0002537724246979132,3940.5384615384614,2.537724246979132,"La Crosse, WI"
674,51093.0,Battle Creek,MI,11,0.0002152936801518799,4644.818181818182,2.152936801518799,"Battle Creek, MI"
675,51063.0,Beaumont,CA,5,9.791825783835653e-05,10212.6,0.9791825783835654,"Beaumont, CA"
676,51040.0,Collierville,TN,8,0.00015673981191222572,6380.0,1.567398119122257,"Collierville, TN"
677,50996.0,West Lafayette,IN,20,0.00039218762255863204,2549.8,3.921876225586321,"West Lafayette, IN"
678,50952.0,Florissant,MO,7,0.0001373842047417177,7278.857142857143,1.3738420474171769,"Florissant, MO"
679,50932.0,Hoffman Estates,IL,1,1.9634021833032278e-05,50932.0,0.19634021833032278,"Hoffman Estates, IL"
680,50925.0,Joplin,MO,18,0.00035346097201767305,2829.1666666666665,3.5346097201767304,"Joplin, MO"
681,50890.0,Queen Creek,AZ,6,0.00011790135586559245,8481.666666666666,1.1790135586559245,"Queen Creek, AZ"
682,50841.0,Kannapolis,NC,11,0.0002163608111563502,4621.909090909091,2.163608111563502,"Kannapolis, NC"
683,50446.0,Galveston,TX,1,1.982317725885105e-05,50446.0,0.1982317725885105,"Galveston, TX"
684,50363.0,Mishawaka,IN,19,0.0003772610845263388,2650.684210526316,3.772610845263388,"Mishawaka, IN"
685,50317.0,Plainfield,NJ,5,9.936999423654034e-05,10063.4,0.9936999423654034,"Plainfield, NJ"
686,50315.0,Newark,OH,12,0.00023849746596442414,4192.916666666667,2.384974659644241,"Newark, OH"
687,50299.0,Stillwater,OK,2,3.97622219129605e-05,25149.5,0.397622219129605,"Stillwater, OK"
688,50197.0,Twin Falls,ID,13,0.0002589796202960336,3861.3076923076924,2.5897962029603363,"Twin Falls, ID"
689,50094.0,Texas City,TX,5,9.981235277677966e-05,10018.8,0.9981235277677964,"Texas City, TX"
690,49859.0,Cerritos,CA,5,0.00010028279748891875,9971.8,1.0028279748891875,"Cerritos, CA"
691,49688.0,Enid,OK,8,0.00016100466913540493,6211.0,1.6100466913540492,"Enid, OK"
692,49678.0,Lakewood,OH,3,6.038890454527155e-05,16559.333333333332,0.6038890454527155,"Lakewood, OH"
693,49154.0,Troy,NY,5,0.00010172112137364202,9830.8,1.0172112137364202,"Troy, NY"
694,48115.0,Saginaw,MI,13,0.00027018601267795906,3701.153846153846,2.7018601267795908,"Saginaw, MI"
695,47720.0,Niagara Falls,NY,4,8.382229673093043e-05,11930.0,0.8382229673093042,"Niagara Falls, NY"
696,46536.0,Charleston,WV,19,0.0004082860581055527,2449.2631578947367,4.0828605810555265,"Charleston, WV"
